contract_name,hash,year_month,Match_Date,Matched_Attack_Type,Matched_Loss_Amount
deus_exp,0x33e48143c6ea17476eeabfa202d8034190ea3f2280b643e2570c54265fe33c98,22-Apr,20220422,Oracle Price Manipulation,
LuckyTiger_exp,0x804ff3801542bff435a5d733f4d8a93a535d73d0de0f843fd979756a7eab26af,22-Aug,20220822,Price Manipulation,
Market_exp,0xb8efe839da0c89daa763f39f30577dc21937ae351c6f99336a0017e63d387558,22-Oct,20221022,Price Manipulation,
MEV_0ad8_exp,0x674f74b30a3d7bdf15fa60a7c29d96a402ea894a055f624164a8009df98386a0,22-Nov,20221122,Logic Flaw,
SheepFarm2_exp,0x8b3e0e3ea04829f941ca24c85032c3b4aeb1f8b1b278262901c2c5847dc72f1c,22-Nov,20221122,Business Logic Flaw,
Lodestar_exp,0xc523c6307b025ebd9aef155ba792d1ba18d5d83f97c7a846f267d3d9a3004e8c,22-Dec,20221222,Oracle Price Manipulation,
Upswing_exp,0x4b3df6e9c68ae482c71a02832f7f599ff58ff877ec05fed0abd95b31d2d7d912,23-Jan,20230123,Oracle Price Manipulation,
DBW_exp,0x3b472f87431a52082bae7d8524b4e0af3cf930a105646259e1249f2218525607,23-Mar,20230323,Oracle Price Manipulation,
Level_exp,0x6aef8bb501a53e290837d4398b34d5d4d881267512cfe78eb9ba7e59f41dad04,23-May,20230523,Oracle Price Manipulation,
Level_exp,0xe1f257041872c075cbe6a1212827bc346df3def6d01a07914e4006ec43027165,23-May,20230523,Oracle Price Manipulation,
MultiChainCapital_exp,0xf72f1d10fc6923f87279ce6c0aef46e372c6652a696f280b0465a301a92f2e26,23-May,20230523,Oracle Price Manipulation,
MyAi_exp,0x346f65ac333eb6d69886f5614aaf569a561a53a8d93db4384bd7c0bec15ae9f6,23-Jun,20230623,Business Logic Flaw,
Bamboo_exp,0x88a6c2c3ce86d4e0b1356861b749175884293f4302dbfdbfb16a5e373ab58a10,23-Jul,20230723,Access Control Flaw,
ArcadiaFi_exp,0xca7c1a0fde444e1a68a8c2b8ae3fb76ec384d1f7ae9a50d26f8bfdd37c7a0afe,23-Jul,20230723,Business Logic Flaw,
Exactly_exp,0x3d6367de5c191204b44b8a5cf975f257472087a9aadc59b5d744ffdef33a520e,23-Aug,20230823,Access Control Flaw,
ROI_exp,0x0e14cb7eabeeb2a819c52f313c986a877c1fa19824e899d1b91875c11ba053b0,22-Sep,20230922,Oracle Price Manipulation,
Token8633_9419_exp,0xf6ec3c22b718c3da17746416992bac7b65a4ef42ccf5b43cf0716c82bffc2844,23-Nov,20231123,Oracle Price Manipulation,
BCT_exp,0xd4c19d575ea5b3a415cc288ce09942299ca3a3b49ef9718cda17e4033dd4c250,23-Dec,20231223,Oracle Price Manipulation,
BCT_exp,0xdae0b85e01670e6b6b317657a72fb560fc388664cf8bfdd9e1b0ae88e0679103,23-Dec,20231223,Oracle Price Manipulation,
RadiantCapital_exp,0x1ce7e9a9e3b6dd3293c9067221ac3260858ce119ecb7ca860eac28b2474c7c9b,24-Jan,20240124,Business Logic Flaw,
MIMSpell2_exp,0x26a83db7e28838dd9fee6fb7314ae58dcc6aee9a20bf224c386ff5e80f7e4cf2,24-Jan,20240124,Business Logic Flaw,
LPMine_exp,0x00c5a772a58b117f142b2cbc8721b80d145ef7a910043ad08439863d0e78e300,25-Jan,20240125,Price Manipulation,
LPMine_exp,0x11c1ef2c61f5a2e41d570a1547d2d891bf916853ddd94e32097e86bcdd21cb4c,25-Jan,20240125,Price Manipulation,
Babyloogn_exp,0xd081d6bb96326be5305a6c00dd51d1799971794941576554341738abc1ceb202,24-Feb,20240224,Oracle Price Manipulation,
MO_exp,0x4ec3061724ca9f0b8d400866dd83b92647ad8c943a1c0ae9ae6c9bd1ef789417,24-Mar,20240324,Business Logic Flaw,
TGBS_exp,0xa0408770d158af99a10c60474d6433f4c20f3052e54423f4e590321341d4f2a4,24-Mar,20240324,Logic Flaw,
UnizenIO2_exp,0xdd0636e2598f4d7b74f364fedb38f334365fd956747a04a6dd597444af0bc1c0,24-Mar,20240324,Business Logic Flaw,
ARK_exp,0xe8b0131fa14d0a96327f6b5690159ffa7650d66376db87366ba78d91f17cd677,24-Mar,20240324,Logic Flaw,
ETHFIN_exp,0xfe031685d84f3bae1785f5b2bd0ed480b87815c3f23ce6ced73b8573b7e367c6,24-Mar,20240324,Oracle Price Manipulation,
OpenLeverage2_exp,0x210071108f3e5cd24f49ef4b8bcdc11804984b0c0334e18a9a2cdb4cd5186067,24-Apr,20240424,Oracle Price Manipulation,
BigBangSwap_exp,0x94055664287a565d4867a97ba6d5d2e28c55d10846e3f83355ba84bd1b9280fc,24-Apr,20240424,Business Logic Flaw,
SQUID_exp,0x9fcf38d0af4dd08f4d60f7658b623e35664e74bca0eaebdb0c3b9a6965d6257b,24-Apr,20240424,Business Logic Flaw,
OpenLeverage2_exp,0xf78a85eb32a193e3ed2e708803b57ea8ea22a7f25792851e3de2d7945e6d02d5,24-Apr,20240424,Oracle Price Manipulation,
OSN_exp,0x69c64b226f8bf06216cc665ad5e3777ad1b120909326f120f0816ac65a9099c0,24-May,20240524,Business Logic Flaw,
OSN_exp,0xbf22eabb5db8785642ba17930bddef48d0d1bb94ebd1e03e7faa6f2a3d1a5540,24-May,20240524,Business Logic Flaw,
OSN_exp,0xc7927a68464ebab1c0b1af58a5466da88f09ba9b30e6c255b46b1bc2e7d1bf09,24-May,20240524,Business Logic Flaw,
INcufi_exp,0x556419e0a6ee8e6de6b3679605f9f62ad013007419a1b55c9f56590a824bfb52,24-Jun,20240624,Business Logic Flaw,
UwuLend_Second_exp,0x9235e0662e230bdfa94f56f4932fd09a95fea17e4b9b44a4f40a59449e216110,24-Jun,20240624,Business Logic Flaw,
Crb2_exp,0xde59f5bd65e8f48e5b6137a3b4251afbb9b6240d1036fa6f030e21ab6d950aac,24-Jun,20240624,Business Logic Flaw,
Velocore_exp,0xed11d5b013bf3296b1507da38b7bcb97845dd037d33d3d1b0c5e763889cdbed1,24-Jun,20240624,Business Logic Flaw,
Bankroll_exp,0xd4c7c11c46f81b6bf98284e4921a5b9f0ff97b4c71ebade206cb10507e4503b0,24-Sep,20240924,Business Logic Flaw,
SmartMesh_exp,0x1abab4c8db9a30e703114528e31dee129a3a758f7f8abc3b6494aad3d304e43f,18-Apr,20180424,Overflow,
SpankChain_exp,0x21e9d20b57f6ae60dac23466c8395d47f42dc24628e5a31f224567a2b4effa88,18-Oct,20181007,Reentrancy,
LendfMe_exp,0xae7d664bdfcc54220df4f18d339005c6faf6e62c9ca79c56387bc0389274363b,20-Apr,20200419,ERC777 Reentrancy,
Opyn_exp,0x56de6c4bd906ee0c067a332e64966db8b1e866c7965c044163a503de6ee6552a,20-Aug,20200804,MsgValue in Loop,
Pickle_exp,0xe72d4e7ba9b5af0cf2a8cfb1e30fd9f388df0ab3da79790be842bfbed11087b0,20-Nov,20201121,Logic Flaw,
Sushi_Badger_Digg_exp,0x0af5a6d2d8b49f68dcfd4599a0e767450e76e08a5aeba9b3d534a604d308e60b,21-Jan,20210125,Sandwich Attack,
PAID_exp,0x4bb10927ea7afc2336033574b74ebd6f73ef35ac0db1bb96229627c9d77555a0,21-Mar,20210305,Private Key Compromised,
Uranium_exp,0x5a504fe72ef7fc76dfeb4d979e533af4e23fe37e90b5516186d5787893c37991,21-Apr,20210428,Miscalculation,
Spartan_exp,0xb64ae25b0d836c25d115a9368319902c972a0215bd108ae17b1b9617dfb93af8,21-May,20210502,Logic Flaw,
RariCapital_exp,0x171072422efb5cd461546bfe986017d9b5aa427ff1c07ebe8acc064b13a7b7be,21-May,20210508,Cross-contract Reentrancy,
ValueDefi_exp,0xa00def91954ba9f1a1320ef582420d41ca886d417d996362bf3ac3fe2bfb9006,21-May,20210508,Cross-contract Reentrancy,
PancakeBunny_exp,0x88fcffc3256faac76cde4bbd0df6ea3603b1438a5a0409b2e2b91e7c2ba3371a,21-May,20210519,Price Oracle Manipulation,
PancakeBunny_exp,0x897c2de73dd55d7701e1b69ffb3a17b0f4801ced88b0c75fe1551c5fcce6a979,21-May,20210520,Price Oracle Manipulation,
PancakeBunny_exp,0x9c48fd13d65f5f951882282444a45a7b84c4f673891bbdcc48af68ed305950bb,21-May,20210521,Price Oracle Manipulation,
JulSwap_exp,0x1751268e620767ff117c5c280e9214389b7c1961c42e77fc704fd88e22f4f77a,21-May,20210527,Flash Loan,
PancakeHunny_exp,0x765de8357994a206bb90af57dcf427f48a2021f2f28ca81f2c00bc3b9842be8e,21-Jun,20210603,Incorrect Calculation,
xWin_exp,0xba0fa8c150b2408eec9bbbbfe63f9ca63e99f3ff53ac46ee08d691883ac05c1d,21-Jun,20210625,Incentive Mechanism Flaw,
Levyathan_exp,0xe6e504208ba90d121c3212a4f2547ae28e69790ab541d459c080ec8b1f3efab2,21-Jul,20210728,I Lost Keys and Minting II Vulnerable EmergencyWithdraw,
Levyathan_exp,0xfd30def124c1345606598ae4817ae184fc1918fc638111c6e71bc9752361fd87,21-Jul,20210729,I Lost Keys and Minting II Vulnerable EmergencyWithdraw,
WaultFinance_exp,0x31262f15a5b82999bf8d9d0f7e58dcb1656108e6031a2797b612216a95e1670e,21-Aug,20210804,Flash Loan Price Manipulation,
PolyNetwork_exp,0xad7a2c70c958fcd3effbf374d0acf3774a9257577625ae4c838e24b0de17602a,21-Aug,20210811,Bridge Getting Around Modifier Through Cross-chain Message,
PolyNetwork_exp,0xb1f70464bd95b774c6ce60fc706eb5f9e35cb5f06e6cfe7c17dcda46ffd59581,21-Aug,20210812,Bridge Getting Around Modifier Through Cross-chain Message,
NowSwap_exp,0xf3158a7ea59586c5570f5532c22e2582ee9adba2408eabe61622595197c50713,21-Sep,20210915,Incorrect validation,
IndexedFinance_exp,0x44aad3b853866468161735496a5d9cc961ce5aa872924c5d78673076b1cd95aa,21-Oct,20211015,Price Manipulation,
Ploutoz_exp,0x7fe46c2746855dd57e18f4d33522849ff192e4e26c74835799ba8dab89099457,21-Nov,20211123,Flash Loan,
MooCAKECTX_exp,0x03d363462519029cf9a544d44046cad0c7e64c5fb1f2adf5dd5438a9a0d2ec8e,22-Nov,20211130,Price Manipulation,
NerveBridge_exp,0xea95925eb0438e04d0d81dc270a99ca9fa18b94ca8c6e34272fc9e09266fcf1d,21-Dec,20211214,Swap Metapool Attack,
TecraSpace_exp,0x81e9918e248d14d78ff7b697355fd9f456c6d7881486ed14fdfb69db16631154,22-Feb,20220204,Any Token is Destroyed,
Umbrella_exp,0x33479bcfbc792aa0f8103ab0d7a3784788b5b0e1467c81ffbed1b7682660b4fa,22-Mar,20220320,Underflow,
Umbrella_exp,0x784b68dc7d06ee181f3127d5eb5331850b5e690cc63dd099cd7b8dc863204bf6,22-Mar,20220321,Underflow,
Novo_exp,0xc346adf14e5082e6df5aeae650f3d7f606d7e08247c2b856510766b4dfcdc57f,22-May,20220529,Flashloan & Price Oracle Manipulation,
XCarnival_exp,0x422e7b0a449deba30bfe922b5c34282efbdbf860205ff04b14fd8129c5b91433,22-Jun,20220626,Infinite Loan Vulnerability,
XCarnival_exp,0xabfcfaf3620bbb2d41a3ffea6e31e93b9b5f61c061b9cfc5a53c74ebe890294d,22-Jun,20220627,Infinite Loan Vulnerability,
SpaceGodzilla_exp,0x7f183df11f1a0225b5eb5bb2296b5dc51c0f3570e8cc15f0754de8e6f8b4cca4,22-Jul,20220713,Flashloans & Price Manipulation,
LPC_exp,0x0e970ed84424d8ea51f6460ce6105ab68441d4450a80bc8d749fdf01e504ed8c,22-Jul,20220725,Business Logic Flaw & Incorrect Recipient Balance Check,
NomadBridge_exp,0x53fd92771d2084a9bf39a6477015ef53b7f116c79d98a21be723d06d79024cad,22-Aug,20220802,Business Logic Flaw & Incorrect Acceptable Merkle Root Checks,
Qixi_exp,0x16be4fe1c8fcab578fcb999cbc40885ba0d4ba9f3782a67bd215fb56dc579062,22-Aug,20220803,Underflow,
NomadBridge_exp,0xa5fe9d044e4f3e5aa5bc4c0709333cd2190cba0f4e7f16bcf73f49f83e4a5460,22-Aug,20220803,Business Logic Flaw & Incorrect Acceptable Merkle Root Checks,
NomadBridge_exp,0xed26708a7335116bdb0673f32ace7c2f329fe3cd349e200447210f1721f335f0,22-Aug,20220804,Business Logic Flaw & Incorrect Acceptable Merkle Root Checks,
XST_exp,0x873f7c77d5489c1990f701e9bb312c103c5ebcdcf0a472db726730814bfd55f3,22-Aug,20220810,Incorrect Logic Check,
ZoomproFinance_exp,0xe176bd9cfefd40dc03508e91d856bd1fe72ffc1e9260cd63502db68962b4de1a,22-Sep,20220905,Flash Loan & Price Manipulation,
NXUSD_exp,0x0ab12913f9232b27b0664cd2d50e482ad6aa896aeb811b53081712f42d54c026,22-Sep,20220906,Flashloan Price Oracle Manipulation,
NewFreeDAO_exp,0x1fea385acf7ff046d928d4041db017e1d7ead66727ce7aacb3296b9d485d4a26,22-Sep,20220908,Flashloans Attack,
NewFreeDAO_exp,0x8b77d75efa185295b09bdf2edcb509541fdde40ed5484212331ceac41b2f4ac0,22-Sep,20220909,Flashloans Attack,
NewFreeDAO_exp,0xb6f9b5ef1feeadb379a2de8f79bb04dd6920bfb214136d057eed4ce23a0003f8,22-Sep,20220910,Flashloans Attack,
TransitSwap_exp,0x181a7882aac0eab1036eedba25bc95a16e10f61b5df2e99d240a16c334b9b189,22-Oct,20221002,Incorrect Owner Address Validation,
RES_exp,0xe59fa48212c4ee716c03e648e04f0ca390f4a4fc921a890fded0e01afa4ba96d,22-Oct,20221006,Pair Manipulate,
RES_exp,0xef19a4dfd69874d5efda3e38b5a19cae4e0b0bdc95769760bd85ede4d15609ac,22-Oct,20221007,Pair Manipulate,
XaveFinance_exp,0xc18ec2eb7d41638d9982281e766945d0428aaeda6211b4ccb6626ea7cff31f4a,22-Oct,20221009,Malicious Proposal Mint & Transfer Ownership,
Templedao_exp,0x8c3f442fc6d640a6ff3ea0b12be64f1d4609ea94edd2966f42c01cd9bdcf04b5,22-Oct,20221011,Insufficient Access Control,
MEVa47b_exp,0x35ecf595864400696853c53edf3e3d60096639b6071cadea6076c9c6ceb921c1,22-Oct,20221014,MEVBot a47b,
Uerii_exp,0xf4a3d0e01bbca6c114954d4a49503fc94dfdbc864bded5530b51a207640d86b5,22-Oct,20221017,Access Control,
PLTD_exp,0x8385625e9d8011f4ad5d023d64dc7985f0315b6a4be37424c7212fe4c10dafe0,22-Oct,20221018,Transfer Logic Flaw,
OlympusDao_exp,0x3ed75df83d907412af874b7998d911fdf990704da87c2b1a8cf95ca5d21504cf,22-Oct,20221021,No Input Validation,
ULME_exp,0xdb9a13bc970b97824e082782e838bdff0b76b30d268f1d66aac507f1d43ff4ed,22-Oct,20221025,Access Control,
N00d_exp,0x8037b3dc0bf9d5d396c10506824096afb8125ea96ada011d35faa89fa3893aea,22-Oct,20221026,Reentrancy,
TeamFinance_exp,0x2972f75d5926f8f948ab6a0cabc517a05f0da5b53e20f670591afbaa501aa436,22-Oct,20221027,Liquidity Migration Exploit,
VTF_exp,0xc2d2d7164a9d3cfce1e1dac7dc328b350c693feb0a492a6989ceca7104eef9b7,22-Oct,20221027,Incorrect Reward Calculation,
TeamFinance_exp,0x51185fb580892706500d3b6eebb8698c27d900618021fb9b1797f4a774fffb04,22-Oct,20221028,Liquidity Migration Exploit,
VTF_exp,0xeeaf7e9662a7488ea724223c5156e209b630cdc21c961b85868fe45b64d9b086,22-Oct,20221028,Incorrect Reward Calculation,
TeamFinance_exp,0x79ec728612867b3d82c0e7401e6ee1c533b240720c749b3968dea1464e59b2c4,22-Oct,20221029,Liquidity Migration Exploit,
TeamFinance_exp,0xa3cbbdd2494f6d5452de8edc5c8c32f316abc40140a63769a22e04cd2549963b,22-Oct,20221030,Liquidity Migration Exploit,
TeamFinance_exp,0xb2e3ea72d353da43a2ac9a8f1670fd16463ab370e563b9b5b26119b2601277ce,22-Oct,20221031,Liquidity Migration Exploit,
TeamFinance_exp,0xe8f17ee00906cd0cfb61671937f11bd3d26cdc47c1534fedc43163a7e89edc6f,22-Oct,20221032,Liquidity Migration Exploit,
TeamFinance_exp,0xec75bb553f50af37f8dd8f4b1e2bfe4703b27f586187741b91db770ad9b230cb,22-Oct,20221033,Liquidity Migration Exploit,
Kashi_exp,0x3d163bfbec5686d428a6d43e45e2626a220cc4fcfac7620c620b82c1f2537c78,22-Nov,20221108,Price Caching Design Defect,
SheepFarm_exp,0x5735026e5de6d1968ab5baef0cc436cc0a3f4de4ab735335c5b1bd31fa60c582,22-Nov,20221116,No Input Validation,
UEarnPool_exp,0x824de0989f2ce3230866cb61d588153e5312151aebb1e905ad775864885cd418,22-Nov,20221117,Flashloan Attack,
Polynomial_exp,0x9f34ae044cbbf3f1603769dcd90163add48348dde7e1dda41817991935ebfa2f,22-Nov,20221118,No Input Validation,
UEarnPool_exp,0xb83f9165952697f27b1c7f932bcece5dfa6f0d2f9f3c3be2bb325815bfd834ec,22-Nov,20221118,Flashloan Attack,
SDAO_exp,0xb3ac111d294ea9dedfd99349304a9606df0b572d05da8cedf47ba169d10791ed,22-Nov,20221121,Business Logic Flaw,
NUM_exp,0x8a8145ab28b5d2a2e61d74c02c12350731f479b3175893de2014124f998bff32,22-Nov,20221123,Protocol Token Incompatible,
SEAMAN_exp,0x6f1af27d08b10caa7e96ec3d580bf39e29fd5ece00abda7d8955715403bf34a8,22-Nov,20221129,Business Logic Flaw,
MBC_ZZSH_exp,0xdc53a6b5bf8e2962cf0e0eada6451f10956f4c0845a3ce134ddb050365f15c86,22-Nov,20221129,Business Logic Flaw & Access Control,
RFB_exp,0xcc8fdb3c6af8bb9dfd87e913b743a13bbf138a143c27e0f387037887d28e3c7a,22-Dec,20221205,Predicting Random Numbers,
NovaExchange_exp,0xf743dba906255cf6f75f8243ef8192f2a211aacf03df99322584686b5c445c23,22-Dec,20221209,Malicious Unlimited Minting Rugged,
TIFI_exp,0x1c5272ce35338c57c6b9ea710a09766a17bbf14b61438940c3072ed49bfec402,22-Dec,20221210,Flashloan Price Manipulation,
MUMUG_exp,0xab39a17cdc200c812ecbb05aead6e6f574712170eafbd73736b053b168555680,22-Dec,20221210,Flashloan Price Manipulation,
MEVbot_28d9_exp,0x313d23bdd9277717e3088f32c976479c09d4b8a94d5d94deb835d157fd0850ce,22-Dec,20221211,Insufficient Validation,
Nmbplatform_exp,0x42f56d3e86fb47e1edffa59222b33b73e7407d4b5bb05e23b83cb1771790f6c1,22-Dec,20221214,Flashloan Price Manipulation,
Nmbplatform_exp,0x7d2d8d2cda2d81529e0e0af90c4bfb39b6e74fa363c60b031d719dd9d153b012,22-Dec,20221215,Flashloan Price Manipulation,
Rubic_exp,0x9a97d85642f956ad7a6b852cf7bed6f9669e2c2815f3279855acf7f1328e7d46,22-Dec,20221225,Arbitrary External Call Vulnerability,
JAY_exp,0xd4fafa1261f6e4f9c8543228a67caf9d02811e4ad3058a2714323964a8db61f6,22-Dec,20221229,Insufficient Validation & Reentrancy,
,0x04e16a79ff928db2fa88619cdd045cdfc7979a61d836c9c9e585b3d6f6d8bc31,4-Jan,20230104,Price Manipulation,
RoeFinance_exp,0x927b784148b60d5233e57287671cdf67d38e3e69e5b6d0ecacc7c1aeaa98985b,23-Jan,20230111,Flashloan Price Manipulation,
UFDao_exp,0x933d19d7d822e84e34ca47ac733226367fbee0d9c0c89d88d431c4f99629d77a,23-Jan,20230111,Incorrect Parameter Setting,
OmniEstate_exp,0x49bed801b9a9432728b1939951acaa8f2e874453d39c7d881a62c2c157aa7613,23-Jan,20230117,No Input Parameter Check,
QTN_exp,0x37cb8626e45f0749296ef080acb218e5ccc7efb2ae4d39c952566dc378ca1c4c,23-Jan,20230118,Business Logic Flaw,
OmniEstate_exp,0xa916674fb8203fac6d78f5f9afc604be468a514aa61ea36c6d6ef26ecfbd0e97,23-Jan,20230118,No Input Parameter Check,
SHOCO_exp,0x2e832f044b4a0a0b8d38166fe4d781ab330b05b9efa9e72a7a0895f1b984084b,23-Jan,20230119,Reflection Token,
ThoreumFinance_exp,0x3fe3a1883f0ae263a260f7d3e9b462468f4f83c2c88bb89d1dee5d7d24262b51,23-Jan,20230119,Business Logic Flaw,
QTN_exp,0xfde10ad92566f369b23ed5135289630b7a6453887c77088794552c2a3d1ce8b7,23-Jan,20230119,Business Logic Flaw,
TINU_exp,0x6200bf5c43c214caa1177c3676293442059b4f39eb5dbae6cfd4e6ad16305668,23-Jan,20230126,Reflection Token,
Orion_exp,0xa6f63fcb6bec8818864d96a5b1bb19e8bd85ee37b2cc916412e720988440b2aa,23-Feb,20230203,Reentrancy,
USDs_exp,0xfaf84cabc3e1b0cf1ff1738dace1b2810f42d98baeea17b146ae032f0bdf82d5,23-Feb,20230203,Balance Recalculation Bug,
Orion_exp,0xfb153c572e304093023b4f9694ef39135b6ed5b2515453173e81ec02df2e2104,23-Feb,20230204,Reentrancy,
Sheep_exp,0x61293c6dd5211a98f1a26c9f6821146e12fb5e20c850ad3ed2528195c8d4c98e,23-Feb,20230210,Reflection Token,
Platypus_exp,0x1266a937c2ccd970e5d7929021eed3ec593a95c68a99b4920c2efa226679b430,23-Feb,20230217,Business Logic Flaw,
Starlink_exp,0x146586f05a4513136deab3557ad15df8f77ffbcdbd0dd0724bc66dbeab98a962,23-Feb,20230217,Business Logic Flaw,
RevertFinance_exp,0xdaccbc437cb07427394704fbcc8366589ffccf974ec6524f3483844b043f31d5,23-Feb,20230218,Arbitrary External Call Vulnerability,
SwapX_exp,0x3ee23c1585474eaa4f976313cafbc09461abb781d263547c8397788c68a00160,23-Feb,20230227,Access Control,
LaunchZone_exp,0xaee8ef10ac816834cd7026ec34f35bdde568191fe2fa67724fcf2739e48c3cae,23-Feb,20230227,Access Control,
Phoenix_exp,0x6fa6374d43df083679cdab97149af8207cda2471620a06d3f28b115136b8e2c4,23-Mar,20230307,Access Control & Arbitrary External Call,
paraspace_exp,0xe3f0d14cfb6076cabdc9057001c3fafe28767a192e88005bc37bd7d385a1116a,23-Mar,20230317,Flashloan & ScaledBalanceOf Manipulation,
Thena_exp,0xdf6252854362c3e96fd086d9c3a5397c303d265649aee0b023176bb49cf00d4b,23-Mar,20230328,Yield Protocol Flaw,
Zunami_exp,0x0788ba222970c7c68a738b0e08fb197e669e61f9b226ceec4cab9b85abe8cceb,23-Aug,20230328,Reentrancy,
Sentiment_exp,0xa9ff2b587e2741575daf893864710a5cbb44bb64ccdc487a100fa20741e0f74d,23-Apr,20230405,Read-only Reentrancy,
YearnFinance_exp,0xd55e43c1602b28d4fd4667ee445d570c8f298f5401cf04e62ec329759ecda95d,23-Apr,20230405,Misconfiguration,
Sushi_Router_exp,0x04b166e7b4ab5105a8e9c85f08f6346de1c66368687215b0e0b58d6e5002bc32,23-Apr,20230409,Unchecked User Input,
Paribus_exp,0x0e29dcf4e9b211a811caf00fc8294024867bffe4ab2819cc1625d2e9d62390af,23-Apr,20230411,Reentrancy,
MetaPoint_exp,0x41853747231dcf01017cf419e6e4aa86757e59479964bafdce0921d3e616cc67,23-Apr,20230412,Unrestricted Approval,
Yearn_ydai_exp,0x59faab5a1911618064f1ffa1e4649d85c99cfd9f0d64dcebbc1af7d7630da98b,21-Feb,20230413,Misconfiguration,
MetaPoint_exp,0xdb01fa33bf5b79a3976ed149913ba0a18ddd444a072a2f34a0042bf32e4e7995,23-Apr,20230413,Unrestricted Approval,
OLIFE_exp,0xa21692ffb561767a74a4cbd1b78ad48151d710efab723b1efa5f1e0147caab0a,23-Apr,20230419,Reflection Token,
NeverFall_exp,0xccf513fa8a8ed762487a0dcfa54aa65c74285de1bc517bd68dbafa2813e4b7cb,23-May,20230503,Price Manipulation,
Melo_exp,0x3f1973fe56de5ecd59a815d3b14741cf48385903b0ccfe248f7f10c2765061f7,23-May,20230506,Access Control,
SNK_exp,0x7394f2520ff4e913321dd78f67dd84483e396eb7a25cbb02e06fe875fc47013a,23-May,20230510,Reward Calculation Error,
SELLC_exp,0x247e61bd0f41f9ec56a99558e9bbb8210d6375c2ed6efa4663ee6a960349b46d,23-May,20230511,Business Logic Flaw,
SNK_exp,0xace112925935335d0d7460a2470a612494f910467e263c7ff477221deee90a2c,23-May,20230511,Reward Calculation Error,
ZoomproFinance_exp,0x06d7e7436414c658a33452d28400799f3637e83930dcec39b3bd065dabc6ef04,24-Feb,20230512,Business Logic Flaw,
SELLC_exp,0x59ed06fd0d44aec351bed54f57eccec65874da5a25a0aa71e348611710ec05f3,23-May,20230512,Business Logic Flaw,
LW_exp,0x96b34dc3a98cd4055a984132d7f3f4cc5a16b2525113b8ef83c55ac0ba2b3713,23-May,20230512,Flashloan Price Manipulation,
SELLC02_exp,0x8a453c61f0024e8e11860729083088507a02a38100da8b0c3b2d558788662fa0,23-May,20230513,Price Manipulation,
SELLC_exp,0x904e48ccc1a1eada85f2e3a6444debc428c55f8652ebbebe26e77d02be2902bf,23-May,20230513,Business Logic Flaw,
LW_exp,0xb846f3aeb9b3027fe138b23bbf41901c155bd6d4b24f08d6b83bd37a975e4e4a,23-May,20230513,Flashloan Price Manipulation,
landNFT_exp,0xe4db1550e3aa78a05e93bfd8fbe21b6eba5cce50dc06688949ab479ebed18048,23-May,20230514,Lack of Permission Control,
SELLC02_exp,0xfe80df5d689137810df01e83b4bb51409f13c865e37b23059ecc6b3d32347136,23-May,20230514,Price Manipulation,
SELLC03_exp,0xe968e648b2353cea06fc3da39714fb964b9354a1ee05750a3c5cc118da23444b,23-Jun,20230514,Unchecked User Input,
LFI_exp,0x051f80a7ef69e1ffad889ec7e1f7d29a9e80883156b5c8528438b5bb8b7a689a,23-May,20230523,Business Logic Flaw,
LocalTrader_exp,0x042b8dc879fa193acc79f55a02c08f276eaf1c4f7c66a33811fce2a4507cea63,23-May,20230524,Improper Access Control of Close Source Contract,
LFI_exp,0xdd82fde0cc2fb7bdc078aead655f6d5e75a267a47c33fa92b658e3573b93ef0c,23-May,20230524,Business Logic Flaw,
LocalTrader_exp,0x49a3038622bf6dc3672b1b7366382a2c513d713e06cb7c91ebb8e256ee300dfb,23-May,20230525,Improper Access Control of Close Source Contract,
LocalTrader_exp,0x57b589f631f8ff20e2a89a649c4ec2e35be72eaecf155fdfde981c0fec2be5ba,23-May,20230526,Improper Access Control of Close Source Contract,
LocalTrader_exp,0xbea605b238c85aabe5edc636219155d8c4879d6b05c48091cf1f7286bd4702ba,23-May,20230527,Improper Access Control of Close Source Contract,
Z123_exp,0xc0c4e99a76da80a4cf43d3110364840151226c0a197c1728bb60dc3f1b3a6a27,24-Apr,20230528,Access Control Flaw,
Jimbo_exp,0x3c6e053faecd331883641c1d23c9d9d37d065e4f9c4086e94a3c34bf8702618a,23-May,20230529,Protocol Specific Price Manipulation,
Jimbo_exp,0x44a0f5650a038ab522087c02f734b80e6c748afb207995e757ed67ca037a5eda,23-May,20230530,Protocol Specific Price Manipulation,
Jimbo_exp,0xf9baf8cee8973cf9700ae1b1f41c625d7a2abdbcbc222582d24a8f2f790d0b5a,23-May,20230531,Protocol Specific Price Manipulation,
Jimbo_exp,0xfda5464e97043a2d0093cbed6d0a64f6a86049f5e9608c014396a7390188670e,23-May,20230532,Protocol Specific Price Manipulation,
NST_exp,0xa1f2377fc6c24d7cd9ca084cafec29e5d5c8442a10aae4e7e304a4fbf548be6d,23-Jun,20230602,Unverified Contract Wrong Approval,
YYS_exp,0x397a09af6494c0bfcd89e010f5dd65d90f3ee1cf1ff813ce5b0c1d42a1c8dec9,24-Jun,20230602,Business Logic Flaw,
VINU_exp,0xaf46a42fe1ed7193b25c523723dc047c7500e50a00ecb7bbb822d665adb3e1f3,23-Jun,20230606,Price Manipulation,
UN_exp,0xff5515268d53df41d407036f547b206e288b226989da496fda367bfeb31c5b8b,23-Jun,20230606,Price Manipulation,
SellToken_exp,0x7d04e953dad4c880ad72b655a9f56bc5638bf4908213ee9e74360e56fa8d7c6a,23-May,20230611,Price Manipulation,
Sturdy_exp,0xeb87ebc0a18aca7d2a9ffcabf61aa69c9e8d3c6efade9e2303f8857717fb9eb7,23-Jun,20230612,Read-only Reentrancy,
MidasCapitalXYZ_exp,0x4a304ff08851106691f626045b0f55d403e3a0958363bdf82b96e8ce7209c3a6,23-Jun,20230617,Precision Loss,
Pawnfi_exp,0x8d3036371ccf27579d3cb3d4b4b71e99334cae8d7e8088247517ec640c7a59a5,23-Jun,20230617,Business Logic Flaw,
SHIDO_exp,0x72f8dd2bcfe2c9fbf0d933678170417802ac8a0d8995ff9a56bfbabe3aa712d6,23-Jun,20230623,Business Logic,
STRAC_exp,0x1147b3c0f3ebdd524c4e58430bb736eba9f7fa522158f5ad81eb3e2394b466d0,23-Jun,20230627,Business Logic,
UnverifiedContr_9ad32_exp,0xe1bf84b7a57498c0573361b20b16077cc933e4c47aa0821bcea5b158a60ef505,23-Jun,20230627,Business Logic Flaw,
Themis_exp,0xff368294ccb3cd6e7e263526b5c820b22dea2b2fd8617119ba5c3ab8417403d8,23-Jun,20230628,Manipulation of Prices Using Flashloan,
LUSD_exp,0x1eeef7b9a12b13f82ba04a7951c163eb566aa048050d6e9318b725d7bcec6bfa,23-Jul,20230707,Price Manipulation Attack,
YIEDL_exp,0x49ca5e188c538b4f2efb45552f13309cc0dd1f3592eee54decfc9da54620c2ec,24-Apr,20230710,Reentrancy,
RodeoFinance_exp,0x5f16637460021994d40430dadc020fffdb96937cfaf2b8cb6cbc03c91980ac7c,23-Jul,20230711,TWAP Oracle Manipulation,
Libertify_exp,0x7320accea0ef1d7abca8100c82223533b624c82d3e8d445954731495d4388483,23-Jul,20230711,Reentrancy,
RodeoFinance_exp,0x9a462209e573962f2654cac9bfe1277abe443cf5d1322ffd645925281fe65a2e,23-Jul,20230712,TWAP Oracle Manipulation,
Platypus03_exp,0x4425f757715e23d392cda666bc0492d9e5d5848ff89851a1821eab5ed12bb867,23-Oct,20230712,Business Logic Flaw,
RodeoFinance_exp,0xb1be5dee3852c818af742f5dd44def285b497ffc5c2eda0d893af542a09fb25a,23-Jul,20230713,TWAP Oracle Manipulation,
USDTStakingContract28_exp,0xfc872bf5ca8f04b18b82041ec563e4abf2e31e1fc27d1ea5dee39bc8a79d2d06,23-Jul,20230715,Lack of Access Control,
NewFi_exp,0x557628123d137ea49564e4dccff5f5d1e508607e96dd20fe99a670519b679cb5,23-Jul,20230717,Lack Slippage Protection,
WSM_exp,0x5a475a73343519f899527fdb9850f68f8fc73168073c72a3cff8c0c7b8a1e520,24-Apr,20230720,Price Manipulation,
Utopia_exp,0xeb4eb487f58d39c05778fed30cd001b986d3c52279e44f46b2de2773e7ee1d5e,23-Jul,20230720,Business Logic Flaw,
SUT_exp,0xfa1ece5381b9e2b2b83cb10faefde7632ca411bb38dd6bafe1f1140b1360f6ae,23-Jul,20230721,Business Logic Flaw,
MintoFinance_exp,0x53be95dc8ffbc80060215133f76f48df35deef3cd7e1803e24b1e2f8aa53440b,23-Jul,20230723,Signature Replay,
Palmswap_exp,0x62dba55054fa628845fecded658ff5b1ec1c5823f1a5e0118601aa455a30eac9,23-Jul,20230724,Business Logic Flaw,
NeutraFinance_exp,0x6301d4c9f7ac1c96a65e83be6ea2fff5000f0b1939ad24955e40890bd9fe6122,23-Aug,20230801,Price Manipulation,
Leetswap_exp,0xbb837d417b76dd237b4418e1695a50941a69259a1c4dee561ea57d982b9f10ec,23-Aug,20230801,Access Control,
Uwerx_exp,0x3b19e152943f31fe0830b67315ddc89be9a066dc89174256e17bc8c2d35b5af8,23-Aug,20230802,Fault Logic,
WECO_exp,0x6129e18fdba3b4d3f1e6c3c9c448cafcbee5b5c82e4bbb69a404360f0e579051,23-Nov,20230814,Access Control Flaw,
SVT_exp,0xf2a0c957fef493af44f55b201fbc6d82db2e4a045c5c856bfe3d8cb80fa30c12,23-Aug,20230826,Flawed Price Calculation,
JumpFarm_exp,0x6189ad07894507d15c5dff83f547294e72f18561dc5662a8113f7eb932a5b079,23-Sep,20230905,Rebasing Logic Issue,
QuantumWN_exp,0xa4659632a983b3bfd1b6248fd52d8f247a9fcdc1915f7d38f01008cff285d0bf,23-Sep,20230905,Rebasing Logic Issue,
Yield_exp,0x6caa65b3fc5c8d4c7104574c3a15cd6208f742f9ada7d81ba027b20473137705,24-Apr,20230908,Business Logic Vulnerability,
uniclyNFT_exp,0xc42fe1ce2516e125a386d198703b2422aa0190b25ef6a7b0a1d3c6f5d199ffad,23-Sep,20230916,Reentrancy,
XSDWETHpool_exp,0xbdf76f22c41fe212f07e24ca7266d436ef4517dc1395077fabf8125ebe304442,23-Sep,20230926,Reentrancy,
StarsArena_exp,0x4f37ffecdad598f53b8d5a2d9df98e3c00fbda4328585eb9947a412b5fe17ac5,23-Oct,20231007,Reentrancy,
pSeudoEth_exp,0x4ab68b21799828a57ea99c1288036889b39bf85785240576e697ebff524b3930,23-Oct,20231008,Pool Manipulation,
ZS_exp,0xbc88aa6057f9da6f88e28bc908baad111ae7545e69fb0c90fbdfd485c9e72192,23-Oct,20231008,Business Logic Flaw,
ZS_exp,0xe2e87090f47c82eed3697297763edfad8e9689d2da7a4325541087d77432f54f,23-Oct,20231009,Business Logic Flaw,
Platypus02_exp,0x4b544e5ffb0420977dacb589a6fb83e25347e0685275a3327ee202449b3bfac6,23-Jul,20231012,Business Logic Flaw,
WiseLending_exp,0x7ac4a98599596adbf12fffa2bd23e2a2d2ac7e8989b6ea043fcc412a29126555,23-Oct,20231013,Donate Inflation Attack,
MicDao_exp,0x24a2fbb27d433d91372525954f0d7d1af7509547b9ada29cc6c078e732c6d075,23-Oct,20231018,Price Manipulation,
kTAF_exp,0x325999373f1aae98db2d89662ff1afbe0c842736f7564d16a7b52bf5c777d3a4,23-Oct,20231019,CompoundV2 Inflation Attack,
OpenLeverage_exp,0xd88f26f2f9145fa413db0cfd5d3eb121e3a50a3fdcee16c9bd4731e68332ce4b,23-Oct,20231022,Business Logic Flaw,
WECO_exp,0x2040a481c933b50ee31aba257c2041c48bb7a0b4bf4b4fad1ac165f19c4269e8,23-Nov,20231023,Flash Loan Attack,
MaestroRouter2_exp,0x33f6adf410bbd0ae08b0cd44410de1e5b28e516434567113982fcac36ed9e1a4,23-Oct,20231024,Arbitrary External Call,
MaestroRouter2_exp,0x4f4d6909a442b4d86f79a9044dcada6a128ddd9f62c26f410134a72d2fc31389,23-Oct,20231025,Arbitrary External Call,
MaestroRouter2_exp,0x6cba3a67d6b8de664d860b096c8c558a1d65e5fa9735c657ddc98f67969561a2,23-Oct,20231026,Arbitrary External Call,
MaestroRouter2_exp,0xa9948c8f0500a867091a090d12125f88868ac29e52af6391569094e82d416904,23-Oct,20231027,Arbitrary External Call,
MaestroRouter2_exp,0xc087fbd68b9349b71838982e789e204454bfd00eebf9c8e101574376eb990d92,23-Oct,20231028,Arbitrary External Call,
MaestroRouter2_exp,0xc49499325cb5ad3bf4391ae95855ce2ee2b0222f9282c524daa1c4586a8fcd8b,23-Oct,20231029,Arbitrary External Call,
LaEeb_exp,0x0d13a61e9dc81cfae324d3d80e49830d9bbae300f760e016a15600889a896a1b,23-Oct,20231030,Lack Slippage Protection,
MaestroRouter2_exp,0xcfe1d2b333e1b9da5e2d5f1d7697b628c818cc41f9f3020187d4ce2c2610a05c,23-Oct,20231030,Arbitrary External Call,
MaestroRouter2_exp,0xddd1048fe3f2df1fb98e534a97173b32a9fca662dbd257a72725482431d3f25e,23-Oct,20231031,Arbitrary External Call,
MaestroRouter2_exp,0xe60c5a3154094828065049121e244dfd362606c2a5390d40715ba54699ba9da6,23-Oct,20231032,Arbitrary External Call,
MaestroRouter2_exp,0xede874f9a4333a26e97d3be9d1951e6a3c2a8861e4e301787093cfb1293d4756,23-Oct,20231033,Arbitrary External Call,
MaestroRouter2_exp,0xf4ae22177c3abbb0f21defe51dd14eff68eb1b0c52ac4104186220138e8e5bb2,23-Oct,20231034,Arbitrary External Call,
MaestroRouter2_exp,0xffb4bd29825bdd41adf344028f759692021cbadc2d4cb5b587e68fd8285c5eb1,23-Oct,20231035,Arbitrary External Call,
SwampFinance_exp,0x13e75878a21af9a9b2207f5d9e18f19a43083a9ffbac36df5a7d4d67a52c164f,23-Nov,20231101,Business Logic Flaw,
OnyxProtocol_exp,0xf7c21600452939a81b599017ee24ee0dfd92aaaccd0a55d02819a7658a6ef635,23-Nov,20231101,Precision Loss Vulnerability,
TrustPad_exp,0x191a34e6c0780c3d1ab5c9bc04948e231d742b7d88e0e4f85568d57fcdc03182,23-Nov,20231106,Lack of MsgSender Address Verification,
KR_exp,0x2abf871eb91d03bc8145bf2a415e79132a103ae9f2b5bbf18b8342ea9207ccd7,23-Nov,20231106,Precision Loss,
TheStandard_io_exp,0x51293c1155a1d33d8fc9389721362044c3a67e0ac732b3a6ec7661d47b03df9f,23-Nov,20231106,Lack of Slippage Protection,
TrustPad_exp,0x2490368b43951caa8bf6f730bf0aaa0bcc2657d6f64fdcc3b0372b6500d0dcfc,23-Nov,20231107,Lack of MsgSender Address Verification,
TrustPad_exp,0xea5bb62b8a151917a732d4114d716c7e6c087af8b3c0b3416c9dbc37c59f04da,23-Nov,20231108,Lack of MsgSender Address Verification,
Raft_exp,0xfeedbf51b4e2338e38171f6e19501327294ab1907ab44cfd2d7e7336c975ace7,23-Nov,20231110,Donate Inflation ExchangeRate & Rounding Error,
MahaLend_exp,0x2881e839d4d562fad5356183e4f6a9d427ba6f475614ce8ef64dbfe557a4a2cc,23-Nov,20231111,Donate Inflation ExchangeRate & Rounding Error,
MEV_8c2d_exp,0x3dcb26a1f49eb4d02ca29960b4833bfb2e83d7b5d9591aed1204168944c8c9b3,23-Nov,20231112,Lack of Access Control,
MEV_a247_exp,0x53eeab4447db331dbb47f93fd58a95d6faa230d559acde0687f8b5f5829e7a45,23-Nov,20231112,Incorrect Access Control,
OKC_exp,0xd85c603f71bb84437bc69b21d785f982f7630355573566fa365dbee4cd236f08,23-Nov,20231114,Instant Rewards Unlocked,
XAI_exp,0x2b251e456c434992b9ac7ec56dc166550c4cd7db3adefbf7eb3ab91cef55f9bf,23-Nov,20231115,Price Manipulation,
LinkDao_exp,0x4ed59e3013215c272536775a966f4365112997a6eec534d38325be014f2e15ee,23-Nov,20231115,Bad K Value Verification,
ShibaToken_exp,0x75a26224da9faf37c2b3a4a634a096af7fec561f631a02c93e11e4a19d159477,23-Nov,20231117,Business Logic Flaw,
MetaLend_exp,0x4c684fb2618c29743531dec9253ede1b757bda0b323dc2f305e3b50ab1773da7,23-Nov,20231125,CompoundV2 Inflation Attack,
TheNFTV2_exp,0xd5b4d68432cbbd912130bbb5b93399031ddbb400d8f723c78050574de7533106,23-Nov,20231125,Logic Flaw,
UnverifiedContr_431abb_exp,0xb650e9f4b9eb023ea65b55ca4d088323e3d5bda377880dedb149a7fd3fd5c15f,23-Dec,20231201,Business Logic Flaw,
UnverifiedContr_431abb_exp,0xbeea4ff215b15870e22ed0e4d36ccd595974ffd55c3d75dad2230196cc379a52,23-Dec,20231202,Business Logic Flaw,
MAMO_exp,0x189a8dc1e0fea34fd7f5fa78c6e9bdf099a8d575ff5c557fa30d90c6acd0b29f,23-Dec,20231205,Price Manipulation,
TIME_exp,0xecdd111a60debfadc6533de30fb7f55dc5ceed01dfadd30e4a7ebdb416d2f6b6,23-Dec,20231206,Arbitrary Address Spoofing Attack,
HYPR_exp,0x51ce3d9cfc85c1f6a532b908bb2debb16c7569eb8b76effe614016aac6635f65,23-Dec,20231213,Business Logic Flaw,
PHIL_exp,0x20ecd8310a2cc7f7774aa5a045c8a99ad84a8451d6650f24e0911e9f4355b13a,23-Dec,20231214,Business Logic Flaw,
KEST_exp,0x2fcee04e64e54f3dd9c15db9ae44e4cbdd57ab4c6f01941a3acf470dc60bfc16,23-Dec,20231216,Business Logic Flaw,
NFTTrader_exp,0xec7523660f8b66d9e4a5931d97ad8b30acc679c973b20038ba4c15d4336b393d,23-Dec,20231216,Reentrancy,
TransitFinance_exp,0x93ae5f0a121d5e1aadae052c36bc5ecf2d406d35222f4c6a5d63fef1d6de1081,23-Dec,20231220,Lack of Validation Pool,
PineProtocol_exp,0x2f328016764ecf1f57fda0f5490087a5ddba83706b51cf518bdbd7e65ae2383b,23-Dec,20231222,Business Logic Flaw,
PineProtocol_exp,0xf4f254c3c6b64ded778b5af292c6ab6ed886c1bdd8988510bdc0ca0cf7f9857e,23-Dec,20231224,Business Logic Flaw,
Telcoin_exp,0x1a31cb6f417d30fe8769328b3412bfb0d70247a82009ef28dfab5730c82acd05,23-Dec,20231225,Storage Collision,
Telcoin_exp,0x35f50851c3b754b4565dc3e69af8f9bdb6555edecc84cf0badf8c1e8141d902d,23-Dec,20231226,Storage Collision,
OrbitChain_exp,0x9d1351ca4ede8b36ca9cd9f9c46e3b08890d13d94dfd3074d9bb66bbcc2629b1,24-Jan,20240101,Incorrect Input Validation,
MIC_exp,0x316c35d483b72700e6f4984650d217304146b3732bb148e32fa7f8017843eb24,24-Jan,20240102,Business Logic Flaw,
OrbitChain_exp,0xe0bada18fdc56dec125c31b1636490f85ba66016318060a066ed7050ff7271f9,24-Jan,20240102,Incorrect Input Validation,
SocketGateway_exp,0xc6c3331fa8c2d30e1ef208424c08c039a89e510df2fb6ae31e5aa40722e28fd6,24-Jan,20240112,Lack of Calldata Validation,
Shell_MEV_a898_exp,0x24f114c0ef65d39e0988d164e052ce8052fe4a4fd303399a8c1bb855e8da01e9,24-Jan,20240115,Lack of Access Control,
PeapodsFinance_exp,0x95c1604789c93f41940a7fd9eca11276975a9a65d250b89a247736287dbd2b7e,24-Jan,20240128,Reentrancy,
WiseLending03_exp,0x67d6c554314c9b306d683afb3bc4a10e70509ceb0fdf8415a5e270a91fae52de,24-Jan,20240129,Donate Inflation Attack,
XSIJ_exp,0xf477089602fefcfc1dbdce15834476267914d64a1e6a52f07d3f135f091e1d27,24-Jan,20240130,Business Logic Flaw,
MIMSpell_exp,0x2c9f87e285026601a2c8903cf5f10e5b3655fbd0264490c41514ce073c42a9c3,23-Jun,20240130,Precision Loss,
,0x055cec4fa4614836e54ea2e5cd3d14247ff3d61b85aa2a41f8cc876d131e0328,1-Feb,20240201,Oracle Price Manipulation,
PANDORA_exp,0x7c5a909b45014e35ddb89697f6be38d08eff30e7c3d3d553033a6efc3b444fdd,24-Feb,20240208,Integer Underflow,
MINER_bsc_exp,0x15ab671c9bf918fa4b6a9eed9ccb527f32aca40e926ede2aec2c84dfa9c30512,24-Feb,20240213,Price Manipulation,
Miner_exp,0x75e3aeb00df69882a1b15d424e5e642650326ca3b923d7fd1922d57c51bc2c78,24-Feb,20240215,Lack of Validation Dst Address,
ParticleTrade_exp,0xd9b3e229acc755881890394cc76fde0d7b83b1abd4d046b0f69c1fd9fd495ff6,24-Feb,20240216,Lack of Validation Data,
RuggedArt_exp,0x5a63da39b5b83fccdd825fed0226f330f802e995b8e49e19fbdd246876c67e1f,24-Feb,20240219,Reentrancy,
YodlRouter_exp,0x54f659773dae6e01f83184d4b6d717c7f1bb71c0aa59e8c8f4a57c25271424b3,24-Aug,20240219,Access Control Flaw,
SwarmMarkets_exp,0xc0be8c3792a5b1ba7d653dc681ff611a5b79a75fe51c359cf1aac633e9441574,24-Feb,20240222,Lack of Validation,
Seneca_exp,0x23fcf9d4517f7cc39815b09b0a80c023ab2c8196c826c93b4100f2e26b701286,24-Feb,20240228,Arbitrary External Call Vulnerability,
SMOOFSStaking_exp,0xde51af983193b1be3844934b2937a76c19610ddefcdd3ffcf127db3e68749a50,24-Feb,20240228,Reentrancy,
Woofi_exp,0x57e555328b7def90e1fc2a0f7aa6df8d601a8f15803800a5aaf0a20382f21fbd,24-Mar,20240305,Price Manipulation,
UnizenIO_exp,0x923d1d63a1165ebd3521516f6d22d015f2e1b4b22d5dc954152b6c089c765fcd,24-Mar,20240309,Unverified External Call,
Juice_exp,0xc9b2cbc1437bbcd8c328b6d7cdbdae33d7d2a9ef07eca18b4922aac0430991e7,24-Mar,20240309,Business Logic Flaw,
IT_exp,0xb33057f57ce451aa8cbb65508d298fe3c627509cc64a394736dace2671b6dcfa,24-Mar,20240313,Business Logic Flaw,
Paraswap_exp,0x35a73969f582872c25c96c48d8bb31c23eab8a49c19282c67509b96186734e60,24-Mar,20240320,Incorrect Access Control,
ZongZi_exp,0x247f4b3dbde9d8ab95c9766588d80f8dae835129225775ebd05a6dd2c69cd79f,24-Mar,20240325,Price Manipulation,
LavaLending_exp,0xcb1a2f5eeb1a767ea5ccbc3665351fadc1af135d12a38c504f8f6eb997e9e603,24-Mar,20240328,Business Logic Flaw,
Prisma_exp,0x00c503b595946bccaea3d58025b5f9b3726177bbdc9674e634244135282116c7,24-Mar,20240329,Insufficient Validation,
UPS_exp,0xd03702e17171a32464ce748b8797008d59e2dbcecd3b3847d5138414566c886d,24-Apr,20240409,Business Logic Flaw,
SumerMoney_exp,0x619c44af9fedb8f5feea2dcae1da94b6d7e5e0e7f4f4a99352b6c4f5e43a4661,24-Apr,20240412,Reentrancy,
MARS_exp,0x25e2af0a55581d5629a933af9fedd3c70e6d0c320f0b72700ca80e5cdd36c80b,24-Apr,20240416,Bad Reflection,
SATX_exp,0x7e02ee7242a672fb84458d12198fae4122d7029ba64f3673e7800d811a8de93f,24-Apr,20240416,Logic Flaw,
UnverifiedContr_00C409_exp,0x998f1da472d927e74405b0aa1bbf5c1dbc50d74b39977bed3307ea2ada1f1d3f,24-Apr,20240417,Unverified External Call,
Rico_exp,0x5d2a94785d95a740ec5f778e79ff014c880bcefec70d1a7c2440e611f84713d6,24-Apr,20240420,Arbitrary Call,
XBridge_exp,0x903d88a92cbc0165a7f662305ac1bff97430dbcccaa0fe71e101e18aa9109c92,24-Apr,20240424,Logic Flaw,
NGFS_exp,0x8ff764dde572928c353716358e271638fa05af54be69f043df72ad9ad054de25,24-Apr,20240425,Bad Access Control,
XBridge_exp,0xe09d350d8574ac1728ab5797e3aa46841f6c97239940db010943f23ad4acf7ae,24-Apr,20240425,Logic Flaw,
PikeFinance_exp,0xe2912b8bf34d561983f2ae95f34e33ecc7792a2905a3e317fcc98052bce66431,24-Apr,20240430,Uninitialized Proxy,
SATURN_exp,0x948132f219c0a1adbffbee5d9dc63bec676dd69341a6eca23790632cb9475312,24-May,20240507,Price Manipulation,
TSURU_exp,0xe63a8df8759f41937432cd34c590d85af61b3343cf438796c6ed2c8f5b906f62,24-May,20240510,Insufficient Validation,
TGC_exp,0x12e8c24dec36a29fdd9b9d7a8b587b3abd2519089b6438c194e6e5eb357b68d8,24-May,20240512,Business Logic Flaw,
Sonne_exp,0x45c0ccfd3ca1b4a937feebcb0f5a166c409c9e403070808835d41da40732db96,24-May,20240514,Precision Loss,
PredyFinance_exp,0xbe163f651d23f0c9e4d4a443c0cc163134a31a1c2761b60188adcfd33178f50f,24-May,20240514,Reentrancy,
Sonne_exp,0x9312ae377d7ebdf3c7c3a86f80514878deb5df51aad38b6191d55db53e42b7f0,24-May,20240515,Precision Loss,
TCH_exp,0x09cd1ee1ea50480b64176d36cf5565b00a7fb81dcaa3d2c89c3a9fdb601fbd0b,24-May,20240516,Signature Malleability Vulnerability,
TCH_exp,0x1b2d836049713075b8e46076331332d0bfe8ecfa5dfa94f1c5b0b70700e68d53,24-May,20240517,Signature Malleability Vulnerability,
TCH_exp,0xa94338d8aa312ed4b97b2a4dcb27f632b1ade6f3abec667e3bf9f002a75dabe0,24-May,20240518,Signature Malleability Vulnerability,
NORMIE_exp,0x587f14b7ffb30b5013ab0db02e9bc94183817ef34c24a9595f33277e752f81eb,24-May,20240526,Business Logic Flaw,
RedKeysCoin_exp,0x8d5fb97b35b830f8addcf31c8e0c6135f15bbc2163d891a3701ada0ad654d427,24-May,20240527,Weak RNG,
NORMIE_exp,0xa618933a0e0ffd0b9f4f0835cc94e523d0941032821692c01aa96cd6f80fc3fd,24-May,20240527,Business Logic Flaw,
Tradeonorion_exp,0x660837a1640dd9cc0561ab7ff6c85325edebfa17d8b11a3bb94457ba6dcae18c,24-May,20240528,Business Logic Flaw,
MetaDragon_exp,0x3ad998a01ad1f1bbe6dba6a08e658c1749dabfa4a07da20ded3c73bcd6970d20,24-May,20240529,Lack of Access Control,
SCROLL_exp,0x661505c39efe1174da44e0548158db95e8e71ce867d5b7190b9eabc9f314fe91,24-May,20240529,Integer Underflow,
Liquiditytokens_exp,0x1350cc72865420ba5d3c27234fd4665ad25c021b0a75ba03bc8340a1b1f98a45,24-May,20240531,Business Logic Flaw,
MixedSwapRouter_exp,0xf57f041cb6d8a10e11edab50b84e49b59ff834c7d114d1e049cedd654c36194d,24-May,20240531,Arbitrary Call,
SteamSwap_exp,0x40f3bdd0a3a8d0476ae6aa2875dc2ec60b80812e2a394b67a88260df57c65522,24-Jun,20240606,Logic Flaw,
MineSTM_exp,0x849ed7f687cc2ebd1f7c4bed0849893e829a74f512b7f4a18aea39a3ef4d83b1,24-Jun,20240606,Business Logic Flaw,
UwuLend_First_exp,0x242a0fb4fde9de0dc2fd42e8db743cbc197ffa2bf6a036ba0bba303df296408b,24-Jun,20240610,Price Manipulation,
JokInTheBox_exp,0xe8277ef6ba8611bd12dc5a6e7ca4b984423bc0b3828159f83b466fdcf4fe054f,24-Jun,20240611,Business Logic Flaw,
,0x10f2c28f5d6cd8d7b56210b4d5e0cece27e45a30808cd3d3443c05d4275bb008,14-Jun,20240614,Access Control Flaw,
WIFCOIN_ETH_exp,0x58424115c6576b19cfb78b0b7ff00e0c13daa06d259f2a67210c112731519e09,24-Jun,20240616,Business Logic Flaw,
WIFCOIN_ETH_exp,0xda8f6a4bed7e5689a343d111632d37480c0316f1d20b732803c4bd482823e284,24-Jun,20240617,Business Logic Flaw,
Will_exp,0xc12ccc3bdaf3f0ec1efa09d089a0c1dbad05519e1eb0fa6475ffcc6317cbde4d,24-Jun,20240628,Business Logic Flaw,
Will_exp,0xefe58a14fc0022872262678b358aaae64a26fe2389d09093eb14752ea99415e9,24-Jun,20240629,Business Logic Flaw,
MRP_exp,0x4353a6d37e95a0844f511f0ea9300ef3081130b24f0cf7a4bd1cae26ec393101,24-Jul,20240702,Reentrancy,
UnverifiedContr_452E25_exp,0x1194e1d6085885ce054a7ff8cd3cd0c3fa308ec87e4ccde8dd0549842fef4f1b,24-Jul,20240703,Lack of Access Control,
LW_exp,0x96a955304fed48a8fbfb1396ec7658e7dc42b7c140298b80ce4206df34f40e8d,24-Jul,20240708,Integer Underflow,
SBT_exp,0x9a8c4c4edb7a76ecfa935780124c409f83a08d15c560bb67302182f8969be20d,24-Jul,20240711,Business Logic Flaw,
Lifiprotocol_exp,0xd82fe84e63b1aa52e1ce540582ee0895ba4a71ec5e7a632a3faa1aff3e763873,24-Jul,20240716,Incorrect Input Validation,
MEVbot_dd7c_exp,0x53334c36502bd022bd332f2aa493862fd8f722138d1989132a46efddcc6b04d4,24-Jul,20240723,Incorrect Input Validation,
Spectra_finance_exp,0x491cf8b2a5753fdbf3096b42e0a16bc109b957dc112d6537b1ed306e483d0744,24-Jul,20240724,Incorrect Input Validation,
NovaXM2E_exp,0xb1ad1188d620746e2e64785307a7aacf2e8dbda4a33061a4f2fbc9721048e012,24-Aug,20240806,Price Manipulation,
IvestDao_exp,0x12f27e81e54684146ec50973ea94881c535887c2e2f30911b3402a55d67d121d,24-Aug,20240812,Business Logic Flaw,
VOW_exp,0x758efef41e60c0f218682e2fa027c54d8b67029d193dd7277d6a881a24b9a561,24-Aug,20240813,Misconfiguration,
OMPxContract_exp,0xd927843e30c6b2bf43103d83bca6abead648eac3cad0d05b1b0eb84cd87de9b6,24-Aug,20240816,Flashloan,
Zenterest_exp,0xfe8bc757d87e97a5471378c90d390df47e1b29bb9fca918b94acd8ecfaadc598,24-Aug,20240816,Price Out of Date,
Penpiexyzio_exp,0x42b2ec27c732100dd9037c76da415e10329ea41598de453bb0c0c9ea7ce0d8e5,24-Sep,20240903,Reentrancy and Reward Manipulation,
Penpiexyzio_exp,0x7e7f9548f301d3dd863eac94e6190cb742ab6aa9d7730549ff743bf84cbd21d1,24-Sep,20240904,Reentrancy and Reward Manipulation,
OTSeaStaking_exp,0x90b4fcf583444d44efb8625e6f253cfcb786d2f4eda7198bdab67a54108cd5f4,24-Sep,20240913,Logic Flaw,
Beanstalk_exp,0x68cdec0ac76454c3b0f7af0b8a3895db00adf6daaf3b50a99716858c4fa54c6f,22-Apr,20240926,Swap ETH/BTC 1/1 in Mint Function,
OnyxDAO_exp,0x46567c731c4f4f7e27c4ce591f0aebdeb2d9ae1038237a0134de7b13e63d8729,24-Sep,20240926,Fake Market,
LavaLending_exp,0xb5cfa4ae4d6e459ba285fec7f31caf8885e2285a0b4ff62f66b43e280c947216,24-Oct,20241002,Price Manipulation,
SASHAToken_exp,0xd9fdc7d03eec28fc2453c5fa68eff82d4c297f436a6a5470c54ca3aecd2db17e,24-Oct,20241006,Price Manipulation,
HYDT_exp,0xa9df1bd97cf6d4d1d58d3adfbdde719e46a1548db724c2e76b4cd4c3222f22b3,24-Oct,20241010,Oracle Price Manipulation,
P719Token_exp,0x9afcac8e82180fa5b2f346ca66cf6eb343cd1da5a2cd1b5117eb7eaaebe953b3,24-Oct,20241011,Price Manipulation Inflate Attack,
MorphoBlue_exp,0x256979ae169abb7fbbbbc14188742f4b9debf48b48ad5b5207cadcc99ccb493b,24-Oct,20241013,Overpriced Asset in Oracle,
VISTA_exp,0x84c385aab658d86b64e132e8db0c092756d5a9331a1131bf05f8214d08efba56,24-Oct,20241022,Flashmint Receive Error,
Pledge_exp,0x63ac9bc4e53dbcfaac3a65cb90917531cfdb1c79c0a334dda3f06e42373ff3a0,24-Dec,20241203,Access Control,
Moonhacker_exp,0xd12016b25d7aef681ade3dc3c9d1a1cc12f35b2c99953ff0e0ee23a59454c4fe,24-Dec,20241223,Improper Input Validation,
LAURAToken_exp,0xef34f4fdf03e403e3c94e96539354fb4fe0b79a5ec927eacc63bc04108dbf420,25-Jan,20250101,Pair Balance Manipulation,1234 ETH (~$412K USD)
Mosca_exp,0x4e5bb7e3f552f5ee6ee97db9a9fcf07287aae9a1974e24999690855741121aff,25-Jan,20250106,Logic Flaw,19K
IPC_exp,0x3a3683119e1801821faa15c319cb9c8fb3fcf6ee92b1904a829d82c432e09a44,25-Jan,20250107,Logic Flaw,~590k USDT
IPC_exp,0x5ef1edb9749af6cec511741225e6d47103e0b647d1e41e08649caaff66942a91,25-Jan,20250108,Logic Flaw,~591k USDT
JPulsepot_exp,0xd6ba15ecf3df9aaae37450df8f79233267af41535793ee1f69c565b50e28f7da,25-Jan,20250110,Logic Flaw,215K
RoulettePotV2_exp,0xd9e0014a32d96cfc8b72864988a6e1664a9b6a2e90aeaa895fcd42da11cc3490,25-Jan,20250111,Price Manipulation,~28K
Mosca2_exp,0xf13d281d4aa95f1aca457bd17f2531581b0ce918c90905d65934c9e67f6ae0ec,25-Jan,20250113,Logic Flaw,376K
